test_id,company_name,vendor_type,category,specific_services,base_city,service_areas,price_min_cad,price_max_cad,price_type,description,approval_status,is_test_data
DEN-DEMO-001,Den Demo Floral Studio,Florist,Flowers and florals,Bouquets|Centerpieces|Floral arches,Toronto,Toronto|North York|Scarborough,250,1600,package,Demo floral arrangements for birthdays and showers.,approved,true
DEN-DEMO-002,Den Demo Rose & Stem,Florist,Flowers and florals,Bouquets|Centerpieces,Markham,Markham|Richmond Hill|North York,180,850,package,Demo small event flowers and table pieces.,approved,true
DEN-DEMO-003,Den Demo Party Styling,Decorator,Event decor and styling,Backdrop|Balloon garland|Table styling,North York,North York|Toronto|Vaughan,350,1900,package,Demo decor setups for indoor celebrations.,approved,true
DEN-DEMO-004,Den Demo Balloon Bar,Balloon vendor,Balloons,Balloon garland|Balloon arch|Number balloons,Scarborough,Scarborough|Toronto|Markham,120,700,package,Demo balloon installations for parties.,approved,true
DEN-DEMO-005,Den Demo Full Service Events,Planner,Event planning and coordination,Full planning|Day-of coordination|Vendor coordination,Toronto,Toronto|North York|Mississauga,650,3500,package,Demo event planning and coordination.,approved,true
DEN-DEMO-006,Den Demo Sweet Table,Baker or dessert vendor,Cakes and desserts,Custom cake|Cupcakes|Dessert table,North York,North York|Toronto|Markham,90,900,package,Demo cakes and dessert tables.,approved,true
DEN-DEMO-007,Den Demo Cupcake Kitchen,Baker or dessert vendor,Cakes and desserts,Cupcakes|Cookies|Cake pops,Mississauga,Mississauga|Brampton|Etobicoke,60,450,package,Demo sweets for children’s parties.,approved,true
DEN-DEMO-008,Den Demo Catering Co,Caterer or chef,Catering and private dining,Buffet|Canapes|Private chef,Toronto,Toronto|North York|Mississauga,500,4500,package,Demo event catering with multiple menu styles.,approved,true
DEN-DEMO-009,Den Demo Street Bites,Food provider,Food trucks and mobile catering,Food truck|Street food|Late-night snacks,Brampton,Brampton|Mississauga|Vaughan,700,2500,package,Demo mobile food service.,approved,true
DEN-DEMO-010,Den Demo Portraits,Photographer,Photography and videography,Event photography|Family portraits|Photo booth,Toronto,Toronto|North York|Markham,350,1800,package,Demo photography coverage for celebrations.,approved,true
DEN-DEMO-011,Den Demo Films,Videographer,Photography and videography,Event videography|Highlights film|Live streaming,Vaughan,Vaughan|North York|Toronto,550,2400,package,Demo event films and live streaming.,approved,true
DEN-DEMO-012,Den Demo Sound & Music,DJ or musician,DJ and music,DJ|Sound system|Dance lighting,Mississauga,Mississauga|Toronto|Brampton,400,1800,package,Demo music and sound for private events.,approved,true
DEN-DEMO-013,Den Demo Glam Studio,Makeup artist,Makeup and beauty,Party makeup|Bridal makeup|Hair styling,North York,North York|Toronto|Richmond Hill,120,650,package,Demo makeup and hair appointments.,approved,true
DEN-DEMO-014,Den Demo Hair Atelier,Hairstylist,Hair styling,Event hair|Updos|Hair styling,Markham,Markham|North York|Scarborough,85,400,package,Demo hairstyles for events.,approved,true
DEN-DEMO-015,Den Demo Celebration Hall,Venue,Event venues,Indoor venue|Tables and chairs|Parking,Vaughan,Vaughan|North York,800,4000,package,Demo indoor event space.,approved,true
DEN-DEMO-016,Den Demo Kids Playhouse,Kids activity or venue,Kids party activities,Indoor play|Birthday party|Kids activities,Scarborough,Scarborough|Toronto|Markham,250,1200,package,Demo children’s party venue and play activities.,approved,true
DEN-DEMO-017,Den Demo Craft Crew,Kids activity or venue,Kids party activities,Face painting|Craft workshop|Balloon twisting,Toronto,Toronto|North York|Etobicoke,150,750,package,Demo hosted craft activities for children.,approved,true
DEN-DEMO-018,Den Demo Table Rentals,Rental vendor,Event rentals,Table rentals|Chair rentals|Backdrop rental,Etobicoke,Etobicoke|Toronto|Mississauga,100,1200,package,Demo event furniture and backdrop rentals.,approved,true
